True Values,Predicted Values
0.041392684,-1.1696373
0.69897,-0.12724529
-1.9913999,-2.1915534
0.06069784,-0.90134543
0.50514996,0.65765107
0.12057393,-0.60375005
-1.1366771,-1.0984261
0.86332285,0.6208497
0.5185139,0.61156785
-1.5686362,-1.5700425
-1.8153086,-0.7401377
-1.6635402,-1.339905
-1.0457575,-0.52278423
-0.43179828,0.28406364
-1.0362122,-1.5014397
-1.3279022,-1.4396645
-0.06550155,0.56287825
-1.6575773,-1.5005395
-2.09691,-2.620007
0.39794,-1.2929564
-1.0,-0.61952394
-0.5086383,-1.078641
-0.65757734,-1.0262587
-0.22184876,0.42976555
-2.3372421,-2.1981912
-1.6445485,-1.5152323
0.75815463,-0.6798966
-0.588953,-0.979353
-2.154902,-1.2164019
-0.19314197,-0.54390264
-1.9208188,-1.9588106
-1.0655016,-0.089859456
-1.8794261,-1.74424
-0.22184876,-0.13354297
-0.92081875,-0.7200362
-1.769551,-1.2924268
-1.1414026,-2.0428445
1.4265113,0.21700707
0.60206,0.63846415
-1.853872,-1.4792521
-1.4202164,-2.129171
-1.853872,-2.1205285
-1.7931741,-1.168095
-0.5850267,-0.57832724
-0.88605666,-1.0646287
-1.4559319,-1.0597364
-0.69897,-0.6365992
-2.6635404,-0.9098274
-0.52287877,-1.9567325
-1.3893398,-1.4344171
-0.98716277,-1.3060681
-0.15490197,0.01779038
-1.0809219,-1.1942118
-0.82390875,-1.6996282
-1.8996295,-1.6828518
-2.39794,-1.6584371
-1.229148,0.08188695
1.6627579,0.90438527
-1.236572,-0.9575743
-1.4317982,-1.8213887
-1.5228788,-2.186977
-1.853872,-1.0788918
-3.4202163,-1.3567418
0.90309,0.46079633
-3.30103,-2.8878613
0.60206,0.7941406
-1.4962093,-1.7763573
0.20682588,-0.32521284
-0.87614834,-0.61721694
0.36172783,0.42862147
-0.82973826,-0.79386044
-1.0241089,-1.0030124
-1.6861328,-1.647263
1.6532125,0.6706568
-3.1739252,-2.312309
-1.1611509,-1.5615824
-2.552842,-2.3327556
-1.3467875,0.74516994
0.43136376,1.1113902
-2.853872,-3.0994353
-1.6382722,-1.4437265
-1.6655463,-1.676024
-5.05061,-2.3153493
-3.2218487,-2.0395951
-1.3306831,-1.7061445
0.8692317,1.0236356
-0.7695511,-0.19575441
-0.2596373,-0.17829525
0.7558749,0.75880283
-0.88605666,0.257079
-1.0204517,-1.0818359
-0.32790214,-0.15693493
-0.83564717,-0.42234498
-0.4828041,-0.5870074
-0.22184876,-0.4638919
-0.15490197,-0.07618074
3.3222194,1.1213261
0.44715804,0.24452925
0.54406804,-0.7936444
0.41497335,0.4588175
-1.2757242,-0.9786265
-0.19382003,-0.26919392
-2.69897,-0.47866473
-0.9586073,-0.9163121
0.32899085,-0.372354
1.133539,-1.73354
-2.1129456,-2.3195658
0.11394335,0.90718615
-0.4436975,-1.0210711
-1.0457575,-0.7166315
-0.096910015,-0.6554271
1.045323,0.54290533
0.30103,-0.036734372
-1.8239087,-1.9610496
-1.5850266,-0.12208919
-3.30103,-0.52828884
-0.31875876,-0.39920136
-1.1611509,-1.0612607
0.38021123,0.024238426
-0.9665762,-1.2908798
-1.3187587,-0.7425977
-0.34678748,-0.29697093
-0.1674911,-0.44552764
-0.7212464,-0.7831935
-0.924453,-1.1883893
-3.0457575,-1.177665
-3.481486,-3.3588765
-0.56863624,-0.18366866
0.17609125,0.0664857
-1.5850266,-1.630443
-2.154902,-0.43839714
1.1003705,1.093448
-1.3316141,-0.118055925
-0.7212464,-1.3091862
-1.1487416,-1.440835
-0.67468965,-1.2889347
0.9344984,1.182371
-0.79588,-0.50192213
0.24551266,0.92971617
-1.0861862,0.5704238
-1.9208188,-0.6201168
0.8976271,0.8091962
0.71600336,-0.1688777
0.32221928,0.41879115
-1.5228788,-1.5232759
-3.0457575,-2.5124638
-0.20065945,0.2699025
-1.5559552,-0.84977084
-0.06550155,-0.85811174
-0.537602,-0.5627984
1.1430148,1.0497097
0.2787536,-0.68078405
-0.6968039,-1.4089859
0.07188201,0.0042144395
-3.69897,-1.147862
-0.34678748,-1.0947459
2.0993352,0.57275635
-1.154902,-0.79045445
-0.124938734,-0.5691955
0.30103,-0.35607344
-1.853872,-2.2851765
-1.0362122,-2.1359339
-0.8601209,-0.84379256
-2.481486,-2.0318878
2.2787535,1.4150127
-0.69897,-1.2506869
-2.7520268,-2.5371048
-1.8239087,-1.0608879
0.0,-0.34077507
-0.5331324,0.102724046
-0.70774394,-0.35476395
-0.6777807,-1.16282
-0.38299966,-0.6383924
0.43136376,0.41179538
-0.7447275,-0.11786097
0.13033377,-0.13608581
-0.9609827,-0.47128618
-2.153663,-2.0265172
-2.0726297,-1.9253472
1.30103,0.12655048
-0.4685211,0.24958208
-1.8860567,-1.9615796
-2.1674912,-0.7581352
0.85125834,0.5492778
-1.2596374,-1.0182785
-0.34678748,0.087274134
1.7831887,1.016717
0.25042,-0.81055105
-1.8268137,-2.142808
0.6314438,0.29772523
-0.9586073,-1.2762791
1.146128,0.54320383
1.877947,1.0451622
0.6532125,0.73634404
-0.13667715,-0.68753576
-0.55284196,-0.20460495
-0.92081875,-0.80546653
-0.45469287,-1.1980636
0.77033645,0.11597651
-0.43770713,-0.25924867
-1.0705811,-1.3923526
1.3271545,-1.0487807
-0.55284196,-0.60944486
-1.4436975,-1.500619
-1.30103,-1.3080571
0.24303804,-1.2638611
-1.031517,-2.0310621
-0.09151498,-0.17948155
0.81557775,1.6266464
-2.30103,-2.1586378
-1.1674911,-2.12978
-1.39794,-0.633694
-1.0222764,-1.3014706
0.14612803,0.23573384
0.22271647,0.13710408
-0.52287877,0.5203138
-0.50168943,-1.4113481
0.0,0.3800128
-1.1487416,-0.7561576
-3.39794,-2.636284
0.30103,1.3777661
-1.7212464,-1.3629892
-0.39794,-0.5305493
-1.6382722,-1.5195917
-0.85387194,0.11136815
-0.23657201,-0.37256622
2.0606978,0.41553527
0.8864907,0.87345946
-1.2676063,0.51106715
-0.013228266,-0.29627684
-1.3467875,-1.8069804
-1.30103,-0.12920727
-1.236572,-1.0204085
-1.5686362,-1.0800112
-2.853872,-2.7650476
-1.3187587,-1.1229421
-1.1739252,-1.9273679
-0.92081875,-0.2481701
-2.2676063,-0.68797064
-0.7447275,-1.9329532
-0.39794,-1.1550422
-1.309804,-0.61583817
-1.2153827,-1.0758312
0.30103,-0.62238103
-1.4202164,-1.4391081
-2.0,-1.1710697
2.1760912,1.1552397
-1.8860567,-1.343388
0.60206,1.1508327
-0.92081875,-1.6130592
-2.1191864,-2.0912178
0.43136376,0.83805907
-2.468521,-2.0263977
-0.022276394,-1.3275379
-1.0,-0.8433404
0.85125834,0.084843695
0.22245634,-1.6178173
-1.2757242,-1.2586197
-0.86614186,-1.1133707
-0.56863624,0.22537196
-1.0132283,-0.673096
-0.27572414,-0.1363245
-0.60206,-0.7556697
-3.0457575,-2.7522573
-1.4814861,-1.207841
-2.638272,-1.9381266
-1.3372421,-1.8790281
-3.30103,-2.8804066
-5.49485,-3.8340256
-2.5850267,-2.3232539
-0.35261703,0.27822876
-1.79588,-1.8258079
1.1849751,0.6056109
1.09691,0.9885107
-0.50307035,-0.8246707
0.770852,0.8814689
-0.92081875,0.15928826
-1.5228788,-1.197206
1.9912261,0.6042199
-0.82390875,-0.3881366
0.35410845,0.835691
0.14612803,0.6318543
-1.4522253,-2.0392246
1.0124154,0.9948106
-0.69897,-0.67260873
0.30103,-1.1246561
-1.1023729,-1.0532578
-1.4202164,-0.9632834
0.5599066,0.8286728
1.6532125,2.077406
-1.1951793,-1.630849
-2.769551,-2.737138
1.069298,1.3086561
-1.9136401,-1.4674408
-2.79588,-1.6696082
-2.3565474,-2.3291461
1.7986506,1.0522369
1.6637009,1.2191027
-2.69897,-2.40798
-1.769551,-1.77694
0.67209786,0.5821873
0.14612803,-0.10887985
-3.30103,-3.0425367
-1.154902,-0.9536445
-0.6777807,-0.0031388737
-1.3665315,-1.2823987
-1.9586073,-1.0076408
2.170555,2.378518
-1.853872,-1.8695421
-1.05061,-1.454224
-2.2146702,-2.1662152
3.4771214,0.009220477
0.23044892,0.7247971
0.39794,0.0100692175
-1.39794,-0.9715739
-1.236572,-1.1354915
-0.56863624,-0.5134544
-1.537602,-1.6738447
-2.2839966,-0.078747585
-1.30103,-0.9377676
0.6812412,0.09066057
-0.28399664,-0.37398526
-0.27490547,-0.30767912
0.11394335,-1.0387388
0.45636603,-0.32611597
0.47712126,2.0934665
0.71516734,-0.035707586
0.8260748,-0.08839117
-1.7447275,-2.6744907
-1.5850266,-1.733162
-2.552842,-2.4421606
0.38021123,-0.09249574
0.6434527,0.44065928
-3.0,-2.3807752
0.40823996,-0.5828705
-1.4436975,-1.3247075
-1.1739252,-0.8362596
-4.39794,-3.2765274
0.2787536,0.14336465
-0.92081875,-0.8524824
0.23044892,0.021591213
-2.5686362,-1.4226128
0.50514996,0.59855026
0.2278867,-0.06821781
-1.4814861,-1.0553907
-0.45593196,-0.32428074
-0.634512,-1.511658
0.80618,0.5140246
-1.9788107,-2.650933
-2.7281585,-1.9896817
1.230449,1.3761637
0.0,-0.12302992
-1.8961962,-1.750005
-0.38721615,-0.7683799
-2.294992,-2.3971725
-0.23657201,-0.5417726
0.6532125,0.4999577
-1.1366771,-1.8281891
-3.0,-1.9531151
-1.8728952,-1.9004838
-2.9208188,-2.5442586
-0.47366074,-0.7799902
-1.0555173,-1.7441347
-0.7212464,-0.73655355
-1.2218487,-0.7637019
1.0,-0.52436113
-0.12667939,-1.0745348
0.2530956,-0.027949117
-0.98716277,0.996433
0.17609125,-1.0751526
-0.25649023,-0.6517807
-0.23957752,-0.97651726
-1.3381873,-1.4945722
-2.0,-0.6632037
-2.769551,-2.6895826
-2.09691,-0.87275064
0.39794,1.0051336
-1.5072396,-1.4419212
-0.9956786,-0.21733677
-1.2873503,-1.5542275
1.2013972,0.61954105
-0.29242983,-0.7151009
-0.6003263,0.40551826
-1.5086383,-1.2033414
-2.0,-0.76507396
-0.82390875,-0.4877773
-1.19382,-0.2768597
-0.4685211,-0.12250529
-1.6575773,-1.9690306
-0.60206,-0.58017343
-2.1249387,-0.97323096
-0.4168012,-0.8155853
-1.69897,-1.5387287
0.8260748,0.5398004
-2.9208188,-2.1731713
-2.3615108,-1.2906243
0.07918125,-0.18227457
-1.0,-0.43629214
0.32221928,-0.018006701
0.30103,-1.184952
-1.1487416,-1.1383015
-3.30103,-2.149482
0.38738984,0.37417355
-1.7128704,-1.8939898
-1.69897,-0.9262182
-1.3467875,-1.814666
-1.0,-1.3929504
1.6776069,-1.0244069
-2.070581,-1.6542594
-0.79588,-0.65255326
-0.7447275,-0.43385074
-1.8477117,-1.2726698
-0.107905395,-0.025883615
-2.30103,-1.9987288
0.50514996,0.5905959
-2.39794,-2.7663176
-1.8416375,-1.5162684
-2.0177288,0.02429792
-3.1307683,-2.2321513
-2.1079054,-2.2280004
0.041392684,-0.234288
1.1760913,1.1927882
-0.8250684,-1.0195378
1.1205739,0.64625895
-1.5850266,-1.1781379
-0.23657201,-0.7615491
2.230449,1.7828443
-1.1390634,-2.1677082
-3.09691,-3.7383654
0.44715804,0.3855589
-0.92081875,-0.788978
0.06445799,-0.22488071
0.36172783,-0.12953325
-0.096910015,1.1121979
-1.7166988,-1.526486
-1.1674911,-1.107081
1.3710679,0.37251225
0.60206,0.13852651
0.2787536,0.37775084
-1.0,-1.0441008
-2.6819367,-2.341186
0.73878056,-0.5631537
-0.69897,-1.7955269
0.69897,0.23606351
-1.6250684,-1.0308007
-1.5171264,-1.067756
0.30103,0.45978412
-2.0457575,-1.7548915
0.38021123,0.8574657
-1.3429441,-0.59234804
-1.4762535,-1.2176393
0.041392684,0.15988502
-2.1804562,-1.612895
-2.309804,-1.563152
-0.28399664,-1.1250104
-2.39794,-1.6519136
-0.69897,0.19805443
-0.60206,-0.3807146
0.8864907,0.8251785
-1.2218487,-1.1423187
-1.0457575,-0.6819632
-0.92081875,-1.135323
-1.39794,-0.54973495
-2.638272,-2.537324
0.41497335,0.45906886
-0.27572414,-0.1817824
-1.3108689,-0.76661766
1.20412,1.2379797
-1.5686362,-1.0936974
1.20412,1.1450843
-1.0,-0.48535028
-1.950782,0.33219504
0.22685757,1.2066401
-0.026872147,-0.29231504
-4.468521,-4.6529217
0.462398,0.41363004
-0.32422167,-0.17793664
-0.88605666,-0.9223892
1.3263359,1.4521173
-0.45593196,-1.3287334
-1.5228788,0.4154022
-1.5686362,-1.1856015
-0.6185239,1.2509251
-1.9586073,-1.562255
-0.30103,-0.65829855
-1.9208188,-1.363521
-2.229148,-2.1834025
-2.0291884,-1.6833868
0.5185139,1.0627264
0.23044892,-0.3920117
-1.6382722,-1.3678597
-0.36653155,0.0030053072
-0.30103,0.3633226
-2.552842,-2.0694032
-2.39794,-1.3281544
-0.79588,-0.45944378
-1.2757242,-1.7545235
-3.0,-1.514793
1.3424227,0.83327514
0.2787536,-0.18972993
1.1903317,-0.36729676
-0.71309465,-1.3799248
-1.0555173,0.9058466
-1.0199966,-1.5132557
-1.1079054,-1.4259163
-2.60206,-3.2836118
0.11394335,0.0671002
-0.52287877,-0.36666104
-0.2596373,-1.0056585
-0.30103,0.5189415
-0.7212464,-0.6098809
-1.3565474,-0.75498927
0.71600336,0.7676049
-3.09691,-2.6103692
-0.8696662,-0.19258064
-1.2839967,0.1932819
-3.49485,-2.045946
-0.017728766,-0.27571106
-1.5883803,-1.1809697
-4.208309,-0.5598746
-0.7447275,-0.9079683
-2.8860567,-2.6781514
-0.7695511,-0.67799324
-2.154902,-1.2128186
0.44715804,0.66650796
-1.3187587,-1.0625917
-5.0655017,-1.7105677
-0.52287877,-0.50814223
0.23044892,-0.50164294
-1.1191864,-0.83701694
-2.0457575,-1.9478531
-3.09691,-2.968996
-1.4436975,-1.4740977
0.07554696,0.08989631
-2.5228786,-2.1455572
-3.09691,-2.7864714
1.1038038,1.3970655
-0.634512,-0.98271406
-2.7878125,-0.71380305
-0.33724216,-1.2812554
-0.88605666,-0.22934797
0.31175387,-0.07029633
-1.7878124,-2.191254
0.6812412,0.32357195
-0.7212464,-0.94288045
-0.20065945,-0.6296026
-0.26520017,-0.19087839
0.8692317,0.10993731
-0.113509275,-0.044829402
-0.82390875,-0.5661989
-0.17392519,-0.192573
-0.050609995,-0.5615237
-1.309804,-0.29150364
1.0,1.3304437
-0.050609995,-0.23617129
-0.49485,-0.49770725
-0.39794,0.19179173
-0.4867824,-0.83528596
-1.5850266,-1.3641284
0.9180303,-0.6755198
-0.2596373,-0.0035577975
-3.1487417,-2.1486175
0.666518,1.4062225
-0.95908135,-1.0711159
-0.22184876,0.056600902
-0.45593196,-0.53110343
-1.0757207,-1.1639086
-0.9469215,-2.0215044
0.72997427,0.4760147
0.041392684,-0.15485144
0.4913617,-1.4159509
-0.36653155,0.37241253
0.14612803,0.22385353
-2.0409586,-2.3306851
-2.0132282,-1.6575826
-2.853872,-0.88412106
1.6532125,1.2209817
-0.68824613,-1.6120226
-0.17392519,0.0147550665
-1.79588,-1.8858595
-1.9586073,-1.7547235
-0.35654733,0.32672724
1.0253059,0.20852548
0.23044892,0.7715708
0.67209786,0.82576305
0.57170886,0.52559906
-2.154902,-1.5053734
0.0,-0.07349213
-1.3665315,-1.231287
-2.09691,-2.241407
1.462398,1.4668165
-1.0604807,-2.0165818
-1.0457575,-1.0393256
-0.52287877,-0.17070149
-2.2757242,-1.6327243
-1.180456,-1.0595438
-0.950782,-0.52716315
-1.552842,-1.5531156
0.041392684,-0.7002974
-0.25181198,0.9224582
-0.18045606,-0.4149138
-2.30103,-1.4172356
-0.45593196,-0.44343224
-2.1487417,-2.377594
-1.39794,-0.5875995
0.019946681,-0.06816198
0.14612803,0.14648591
-1.0087739,-1.3390517
-2.853872,-1.9957784
-0.18045606,-0.38782984
-0.4089354,-1.2525184
-2.4202163,-2.2527874
-1.0705811,-0.8419055
-2.7212465,-2.893048
-3.5228786,-2.8299582
-0.79588,0.0830434
0.3424227,0.4162933
-0.69897,-0.9924092
-0.77728355,-1.408316
-0.50723964,-0.23118684
0.08990511,-0.11554189
-1.1487416,-0.7636308
0.103803724,-0.55363536
-2.30103,-2.5712578
-1.60206,-0.7839852
2.672098,2.2824924
0.14612803,-0.27749816
-1.69897,-1.7971917
-0.27654433,-1.1394169
-1.7212464,-1.4834925
0.8500333,0.37508658
-0.49485,-0.15069509
-0.31875876,-0.903266
-2.769551,-1.3181472
-0.39794,0.9010068
-0.32790214,-0.6833804
1.968483,2.4216447
0.2787536,0.20518383
-1.79588,-0.84728026
0.23678909,-0.27497974
0.053078443,-0.6011931
-1.6840297,-1.6580343
-0.45842075,-0.8039411
-2.070581,-2.4193957
-0.7695511,0.5775352
-1.4317982,-0.60212994
-3.60206,-4.02649
2.3909352,1.3193053
-0.63827217,-0.8036975
1.2878017,1.0485215
-0.46382046,-0.9367804
-1.0,-1.4782025
-2.1191864,-2.4490557
-0.08092191,0.075424686
-0.92081875,-1.0800749
1.2922561,1.0772395
2.2787535,1.9865215
-2.5482135,-2.4345715
-2.769551,-2.024904
-1.1135093,-1.3144902
-2.0457575,-1.7694347
-0.29242983,-0.4878221
-1.309804,-1.5287173
-0.56863624,-0.49035463
-1.1307683,-0.53644216
-0.6777807,-1.0041174
-0.69897,-0.103192404
-0.79588,-0.7683699
-1.6197888,-1.8189548
-2.2839966,-1.7750162
0.7242759,-0.046043918
-1.0,-0.24489361
2.4731948,1.3440126
-0.06008158,-1.0056001
-2.60206,-2.140523
-2.468521,-0.90331906
-0.3767507,-0.63733107
-0.69897,-0.70055044
-0.92628163,-0.96041644
-0.33724216,-0.4476432
-2.79588,-1.091477
-0.30103,-0.32226357
-2.6575773,-0.45710665
-1.9586073,-0.8030442
0.73239374,0.65222
0.5682017,-0.24051161
-0.9665762,-0.7823245
-1.0362122,-1.2338967
-2.9208188,-2.080246
-1.79588,-0.95224667
-3.2006595,-1.8112293
-2.69897,-2.2652843
-0.65757734,-0.3687829
0.18752073,0.084052294
-1.6382722,-1.2524083
-0.45593196,-0.16635154
-0.6358244,-0.8244017
-0.1611509,0.10798323
-0.30103,0.6463995
-3.4509966,-2.303497
-0.8096683,-1.2330831
-0.39794,-0.25357172
-1.3467875,-0.07822641
0.24551266,-0.040951863
1.3324385,-0.38084853
-1.0457575,-0.35610548
-1.8239087,-2.9907024
-1.3467875,-0.88698876
0.14612803,-1.0069987
-2.0,-1.3867705
-0.5670307,-0.52229536
-0.30103,-0.7182359
0.36172783,-0.085630104
-0.34678748,-1.4333103
0.8088859,-0.37946418
-0.74232143,-0.15309843
0.39619935,0.7341671
-2.6777806,-1.8770115
-1.853872,-2.0716007
-1.3187587,-1.0993912
-0.32790214,-0.22872818
-2.8860567,-2.631887
-1.9208188,-2.1273415
1.9344984,-1.5611734
-3.0457575,-3.22701
0.37106785,0.5103721
-3.30103,-2.3431866
-0.92081875,-0.6821289
0.14612803,-0.020913972
0.66181266,0.6910291
-1.0,-0.9068972
-1.7328283,-1.2531197
-1.0,-1.467336
-1.552842,-5.394788
0.07918125,-0.036086425
-0.27901426,-0.30791083
-1.2839967,-1.890978
-0.107905395,-0.48960844
0.9956352,1.2052995
0.6766936,1.0903207
-3.69897,-3.2939532
0.6901961,1.5107653
-1.1135093,-0.36197698
-2.5287082,-2.4066901
0.096910015,0.08102243
-1.8632795,-1.5246682
-0.85387194,-0.9771669
0.97667086,-0.7656909
-1.4685211,-1.8582053
-2.39794,-0.11387494
1.4132998,1.9984131
-2.3187587,-2.4750082
-1.2757242,-0.9333452
-1.853872,-1.2576201
0.47712126,-2.6869903
-0.04575749,-1.3169777
-0.13667715,-1.1204357
3.7781513,3.323787
-1.2839967,-0.8140078
-2.5228786,-2.2510035
-1.4436975,-1.161386
-0.31875876,-0.49992225
-2.769551,-2.7612755
-0.60206,-0.9827009
-0.69897,0.40852633
-1.60206,-1.1799808
0.5550944,-1.0879487
-0.33724216,-0.05812458
1.7781513,0.86067957
-0.63827217,-1.2511715
-1.769551,-1.4539165
0.36172783,-0.45343176
0.4409091,0.69652826
-1.6197888,-0.6583507
-1.229148,-1.4825926
-0.7447275,-1.1030127
1.2552725,1.3593796
-1.0,-1.2884628
-2.0861862,0.036661815
0.23044892,0.24634612
-0.2596373,-0.2362835
-0.88605666,-0.7825658
-0.9788107,-1.248932
-1.4814861,-1.4554542
-1.2924298,-1.1308136
-1.2146702,-2.0702853
-1.3872161,-0.6407165
-0.64589155,-0.4554509
0.26717174,-0.6109458
-0.8827287,-1.4494566
-3.7212465,-3.6475916
-0.36653155,0.730044
-0.88605666,-0.7547881
-0.61978877,-0.7331483
-1.3187587,-1.2782786
0.6627578,0.17696272
0.53147894,0.53490216
-0.9586073,-0.61156577
-3.49485,-2.5257325
-0.7447275,-1.7362806
1.69897,0.38313028
-1.5228788,-1.8677301
-2.0861862,-0.19864422
0.6532125,-0.76283616
0.9263424,0.5796437
-1.30103,-1.5329435
-1.537602,-1.7857468
-2.09691,-0.676863
-0.51712644,-0.38511327
-1.09691,-0.70941573
-1.7447275,-1.9943372
-3.091515,-0.974225
-1.7212464,-0.3347291
-1.6968039,-1.1828564
-0.32790214,0.408396
-0.7447275,-1.1588063
1.3802112,1.1874411
-1.4559319,-1.1940304
-1.6777807,-1.3797071
0.32221928,0.46085498
-0.39794,0.53139746
0.9542425,1.2980603
-2.097453,1.0327095
-2.5686362,-2.5687597
-2.0222764,-0.9515983
-1.2676063,-1.089044
-2.468521,-2.3622336
-0.60206,-1.2651536
-1.154902,-0.9552915
-2.0409586,-2.1781962
0.20411998,0.777814
0.056904852,-0.3811945
-0.60206,-1.0282782
-0.06550155,-1.1730015
0.9395192,0.8402851
-0.4436975,-0.82463086
-0.096910015,0.0061119497
-2.2441251,-2.1306581
-1.4317982,-1.0934374
-1.0,-0.8138732
1.4050046,0.5018303
-0.31515464,-0.5312361
-2.39794,-1.9910831
-1.853872,-2.0268042
0.79588,0.16499968
-1.3705904,-1.7105176
-1.3767507,-2.0947502
0.5797836,0.23050055
-2.0,-1.4525356
0.32221928,0.17467442
-0.34678748,-1.0738627
-0.5850267,0.11998144
-0.04095861,-0.12091488
-1.39794,-0.8364809
-1.1079054,-0.8564818
-0.8961963,-1.1905247
0.32221928,-0.8731284
-0.87614834,-0.50165814
-1.0,-0.29934478
-2.39794,-1.9877032
0.0,0.030908253
0.47712126,-1.6423448
-0.7695511,-1.522176
-1.30103,-2.6829767
-0.6819367,-0.29969978
0.32221928,0.19892955
-0.28399664,0.069819376
0.12385164,0.580822
0.49692965,0.344188
0.86332285,0.4048781
-0.08092191,-0.041759446
-1.853872,-1.0305053
-0.7447275,-0.5935601
-0.65757734,-1.0876285
-0.7375489,-0.64224535
-0.8013429,-1.2804527
-0.31875876,-0.19971323
0.2787536,-0.7176081
-0.7695511,-1.8697356
0.30749604,0.7284971
-1.69897,-2.1717165
-1.6382722,-1.3768221
-2.6003263,-1.6003664
-0.8477117,-0.5130128
-1.6382722,-1.5725359
-1.552842,-0.6766986
-0.79588,-0.6070722
-2.3767507,-2.7082405
-1.6777807,-0.6890741
-1.3372421,-1.1097425
-1.2924298,-1.2569264
-1.537602,-1.9882624
0.51454777,0.3236716
-1.5850266,-0.3884871
-0.49485,-0.43105304
-0.22184876,0.30772594
0.19312459,0.050705332
-0.29242983,-1.2711743
-0.69897,-0.3086806
-1.2218487,-1.1858635
1.5276299,1.7578795
-1.5157001,-1.8884902
-1.4559319,-1.5060669
-2.352617,-1.7632135
-1.0154727,-0.80475223
-3.0,-2.8497028
0.4913617,0.59264606
1.6720978,-0.7265407
-1.0,-0.25917223
0.30103,-0.23701824
-0.69897,-0.8128136
1.5352942,0.9927081
-0.07058107,0.104148224
0.80618,1.688174
-0.9706162,-1.0916913
-1.30103,-1.4446483
0.46538284,-0.33187598
-0.18842499,0.32735628
-0.88605666,-1.4085374
-0.92081875,0.80915457
-0.9586073,-1.2049747
-1.09691,-1.2119743
-0.17392519,-0.33990645
-0.24488774,-0.69054914
-0.45593196,-1.0534544
-1.1674911,-1.3507296
1.1430148,0.5978046
1.690196,-2.9065385
1.4313638,0.81418025
-0.24641694,-0.3184543
1.0043213,-0.9255347
0.1430148,-0.6386034
-1.2225732,-1.7526405
-2.2596374,-1.1528512
-1.69897,-2.4432943
0.8325089,-0.4772838
-0.43179828,-0.005429074
1.3765769,-1.2706437
1.09691,0.6867551
0.5563025,0.8267681
-3.09691,-3.0004787
1.3617278,-1.1855286
-2.4436975,-1.4187195
-1.60206,-1.5301412
0.69897,0.30822083
2.2671716,1.6620088
0.17026171,-0.6873626
1.5998831,0.7138139
0.8331471,0.6316783
1.6374897,1.2918959
-0.51855737,-1.1940647
0.7781513,-0.038778592
-1.769551,-2.2134883
-0.1674911,0.37486327
-1.021363,-1.3396466
0.11394335,0.76763606
-1.6777807,-2.0623422
0.5386994,-1.2467608
0.49554434,-0.5165563
-0.17082493,-0.33337134
0.17609125,0.3713389
0.73239374,-1.9313323
-0.48148605,-0.45891795
0.39794,-1.4127104
-3.0457575,-2.9374835
-1.154902,-0.33811393
1.3364598,-0.06525432
-1.154902,-0.86413604
-0.15490197,-0.44461957
1.7752463,0.5404101
-0.07058107,-0.11946854
1.3445888,0.60035115
0.44715804,0.7353547
-2.5228786,-3.0231836
-1.6197888,0.44090748
-1.236572,-1.1074231
-1.8239087,-0.39544478
-0.5086383,-0.950954
-1.8239087,-1.3863516
-1.2620127,-1.3371038
-0.04575749,-0.08863087
-3.3565474,-0.8038465
-1.537602,-2.76896
0.30103,0.9896184
-1.537602,-1.1735723
-1.09691,-1.3969215
-0.55284196,-0.5503606
2.462398,0.49444255
1.5440681,-0.021793466
0.06818586,0.15266356
-0.29073003,-0.34345773
0.13672057,0.39008567
1.7860413,1.2233559
-2.6840296,-3.2422657
1.230449,1.0349826
-3.69897,-3.6343298
-2.3372421,-2.506613
-0.30980393,-0.29892728
-0.7212464,-0.43525496
-0.27572414,-0.07566486
0.36172783,0.1860398
1.2787536,-0.51490253
-2.2218487,-1.5219517
0.52244425,0.74796873
0.0,0.5295697
0.14612803,0.6038388
-0.82390875,0.34145543
-1.0861862,-1.2343841
-2.39794,-2.2901087
-2.1870866,-0.7126907
-1.4317982,-1.1207368
-1.6439742,-2.3381183
-0.49485,-0.26203674
-1.6038007,-0.9802739
-0.844664,-1.2844743
0.19865708,0.39145356
-0.30103,-0.34396398
-0.113509275,-0.9084601
1.4456042,0.06839611
-1.69897,-2.0162032
1.462398,1.5988867
0.16405529,0.23272645
-0.21253952,-0.17367007
-0.3767507,-0.44294378
1.1139433,0.7652888
-2.3400838,-1.5986301
-0.17392519,0.20603421
-2.2006595,-2.1474223
-1.1739252,-0.5232178
-0.28399664,-0.16944775
-0.8153086,-0.68315536
-2.2218487,-1.7937907
-1.1249387,-1.0996125
-1.801343,-2.4206417
0.90309,0.7718905
-1.0268722,-0.8109534
-3.821023,-3.2524211
0.30103,-0.5414151
-1.756962,-1.7674273
-1.0409586,-0.72914356
-1.154902,-1.60401
-1.4317982,-1.5273124
-0.3767507,-0.13771781
0.9590414,0.7502403
0.0,-0.40290537
-0.22184876,-0.35062897
-2.4449055,-2.0635643
1.4771212,2.3321996
-0.22184876,-0.6989414
-0.026872147,-3.0547009
-1.30103,1.7523307
-3.2441251,-1.0971012
1.6127839,0.5246793
-1.7212464,-1.7990288
-1.0287242,-0.27407545
-0.32422167,0.41376233
-0.026872147,-0.18267727
-1.2146702,-0.53666836
-1.6575773,-1.3741356
-0.85387194,-0.102991015
0.14612803,-0.8799739
-1.3665315,-0.19944736
-1.6615435,-2.0298195
1.0211893,1.2531089
1.9009131,2.0021849
-2.387216,-2.1312535
-1.8239087,-2.6113517
-1.30103,-1.5843196
1.39794,1.6082237
-0.30103,-0.7639532
0.67209786,1.0779005
-2.8860567,-1.9267324
0.39794,0.27712
-0.33724216,-0.5493885
-3.6777806,-3.846246
-0.7695511,0.12055987
-0.63827217,-0.6210892
0.41497335,0.42619744
-0.89279,-1.1205642
-1.2924298,-1.8223681
0.41497335,-0.98840076
-1.853872,-2.3484318
-0.31884924,-0.6554857
-0.60206,-0.3554781
-3.2218487,-2.3343189
-3.09691,-2.9123387
1.2787536,0.9738234
-3.4317982,-3.6624424
-0.7212464,-1.1918458
-2.455932,-2.4632711
-2.0457575,-1.8179908
-1.2006594,-1.2975599
-1.3467875,-1.6603726
0.50514996,0.48503712
0.17609125,-0.15924934
-4.69897,-1.579539
1.7839036,-1.3124105
-0.28650945,-0.07425368
-1.4202164,-4.514288
-1.093665,-1.2738742
-2.2146702,-2.735912
-0.74958,-0.9582589
-0.060480747,-1.0542358
1.1448854,-0.27491522
-0.35654733,-1.0583217
-0.3767507,-0.6001177
-2.30103,-2.3684378
-2.5228786,-1.8084828
2.1258066,1.7745974
-0.20204036,-0.36564723
1.8633229,0.9286892
-2.0177288,-1.7912434
-1.6777807,-1.154145
-0.20065945,-0.14442027
-0.64010763,-0.74543667
-2.080922,-2.155922
-1.69897,-2.1919572
-0.20551196,0.7644266
-0.8569852,-0.5858238
-1.0,-1.277733
-1.2146702,-0.96928644
-0.63827217,-0.58870685
-0.43179828,-0.40644896
-0.8096683,-0.74933875
-0.45593196,-1.5417058
-0.34678748,0.62962484
0.86332285,-0.5214722
-0.04575749,0.48676905
1.5910646,1.2351649
-2.79588,-3.326127
-2.1870866,-0.4775981
-5.958607,-4.7430835
-1.0757207,-1.0759499
-1.9208188,-1.782635
-2.69897,-2.8938673
0.0,0.4142615
-0.45593196,-0.9118834
-0.82390875,-0.37666813
-1.1325915,-0.103242695
-2.5086384,-1.5061008
0.81954396,-0.281328
-1.7520267,-1.5736685
-0.92081875,-0.8576016
-1.69897,-1.2021781
-2.30103,-2.287395
-0.22184876,-0.3958023
-0.39794,-0.60366553
-2.9208188,-2.272521
-1.4202164,-1.3944421
0.14176323,-1.056502
0.033423755,-0.16094086
-1.0457575,-0.8324053
1.0374265,0.55984616
0.39794,0.56492364
-1.8696662,-2.2028987
-0.38721615,-0.16258235
0.11394335,-0.14672177
1.0,0.20870319
0.0,-0.07768254
-1.69897,-2.1020794
-2.481486,-2.4328735
-2.154902,-1.6947049
-1.1870867,-0.37800854
-1.853872,-0.9035053
2.8112397,2.5560796
-1.2218487,-1.2652059
-1.769551,-3.166786
-3.0,-2.0236561
-1.5686362,-1.4576988
-0.1611509,-0.49602592
-0.8477117,-0.33207437
-0.096910015,1.6785297
-2.2139587,-1.0163112
-2.6777806,-2.0559747
-0.537602,-0.049289815
-1.790485,-1.0872469
0.39794,-0.16386901
-0.9586073,-0.8177157
0.17897695,-1.6222184
-3.29243,-2.1993182
-0.04095861,-0.017534183
-4.0457573,-3.2213411
-1.6382722,-0.1605064
0.63346845,0.253928
-0.85387194,-0.45423788
-0.7212464,-0.4499739
-1.5228788,-1.3707123
-2.5686362,-1.7738279
-0.54363394,-0.04780463
0.26717174,0.422534
-2.236572,-2.2576883
0.35602584,-0.04397771
0.47421625,0.115017086
-1.3665315,-0.9161605
-0.39794,0.510731
-1.0491486,-1.129283
-1.2076083,-0.18385123
-2.5086384,-1.806468
1.2278867,-0.52474385
-3.29243,-3.814529
-0.69897,-1.4407445
-0.85387194,-1.1159631
-1.537602,-1.3216943
-0.24412514,-0.46118158
0.004321374,0.77087474
0.54406804,0.55878806
-0.54975086,-0.24397382
-2.2182446,-1.4754422
-2.309804,-1.2774682
-1.4685211,0.046498742
-2.0861862,-2.5030317
-1.6556077,-1.6002492
-1.0457575,-0.98357886
0.30103,-0.9689977
-0.36653155,-0.3797209
0.43136376,0.07169062
-3.49485,-3.150321
-1.79588,-1.3073459
-1.9208188,1.0716604
-1.49485,-1.7288885
-0.5512937,-0.5487235
-1.4436975,0.37080097
-1.513853,-0.9897767
-2.455932,-1.0415151
-1.2676063,-1.111559
-0.56863624,-0.73253477
1.9978231,0.5215707
-0.22184876,1.0507276
-2.229148,-1.2132734
-2.0177288,-2.062589
-0.19382003,-0.81485593
-1.2441251,-0.6615723
-1.2218487,-1.3300468
-1.3372421,-1.2398536
-1.0525663,-0.8070026
-0.5850267,-0.46966735
0.6812412,1.2085322
-0.4202164,0.17926878
1.9444827,0.8826438
-0.30980393,-0.23032036
-0.22184876,-0.2036293
-0.4436975,-0.2782985
-0.7447275,0.37793913
1.9216865,1.4492055
-1.8827287,-2.1012816
-2.3467875,-1.8323871
-1.6401645,-2.027467
0.60206,0.0025666505
-1.844664,-1.3734642
-2.3467875,-1.9980483
-1.8569852,-1.7651944
-1.3665315,-1.4457093
-0.77469075,-0.6067968
0.61278385,0.7214167
-1.1739252,-0.22109702
-2.39794,-2.4351099
-2.5228786,-2.4901965
0.14612803,0.064872205
1.4913617,0.7697098
-1.3861582,-1.334559
0.11394335,0.52432305
-1.0,-1.1359849
0.47712126,0.79937667
0.9956352,0.48912767
-1.1426675,-1.5821896
1.0293838,0.010871161
-0.31515464,-1.6464512
-1.30103,-1.8494494
-2.2941363,-2.2947838
0.26576093,0.007864051
-2.7619538,-2.9601512
-0.89279,-0.6939032
0.30103,-1.5430905
1.6300209,1.3878711
-0.5783961,-0.59428936
-0.87942606,-0.6659536
-1.5228788,0.3025855
1.0,-0.7392709
-1.09691,-0.34361356
1.8796692,2.1455567
0.462398,0.49486777
1.5185139,1.5201043
-1.0655016,-0.51103723
1.690196,2.036517
-0.2969667,0.038690876
-1.79588,-1.2888317
-1.6777807,-2.0232894
1.049218,0.5829185
0.63346845,0.95594627
-2.1249387,-2.220355
-1.2924298,-0.7016308
-1.4788619,-1.9700254
-0.7695511,-0.70208234
-1.3809067,-1.0833862
-3.7212465,-3.5978155
-2.30103,-2.290238
-2.09691,-2.7033005
1.6532125,1.2900679
-0.48148605,-1.018426
0.61278385,-0.027662683
-1.4814861,-1.4409136
-3.4202163,-2.4601812
-1.4317982,-1.6879579
-0.9586073,-0.44195637
-1.4685211,-1.9620264
-1.3053948,-1.876492
-1.251812,-0.6082805
-1.8239087,-1.6596584
0.30103,0.0603248
-0.36653155,-0.57199734
-1.4271284,-1.8363726
-1.0757207,-0.50804377
0.34044412,0.025188189
-0.4089354,-0.12773602
-0.5086383,0.2599535
-1.0222764,-1.3128759
-0.13608262,0.42363384
-1.60206,-1.7049344
0.98227125,0.58817416
-2.4317982,-1.525005
-0.10281292,0.37558383
-2.1487417,-1.6887896
-1.236572,-0.70680946
1.1760913,0.14720339
0.025305865,0.28313562
1.146128,-1.3514956
1.1760913,1.5461481
-0.69897,-0.3514106
-0.1611509,-0.45418486
-1.7281584,-1.0318315
-0.041436117,-0.63984245
-0.3036436,-0.3380207
-1.4388986,-2.1954412
-1.1420647,-1.4545733
0.30103,0.4432064
-1.3325471,-1.1634587
-1.8728952,-2.1877227
-0.61978877,-0.41783834
-0.27572414,-0.0074045397
-0.15801519,-0.9621178
-0.37986395,-1.1805174
-0.5850267,-0.21982704
-1.7670039,-1.7618032
-2.2218487,-2.058141
-2.3767507,-2.2944593
-1.4853195,-1.7933303
-2.154902,-1.4105402
1.0413927,0.8796998
0.041392684,0.6335821
-2.5686362,-2.4869175
-0.5086383,-0.39702278
0.90309,0.8685595
0.4329693,-0.59893507
-0.79588,-1.2994834
-2.6197886,-3.3199751
-0.6143937,-1.7563378
-2.047692,-2.1685383
-0.81247926,0.5518407
-1.2218487,-0.9468484
0.968483,1.2974402
0.39445168,0.12907624
-1.3410351,-1.6797206
-0.536107,-0.3595961
-0.55284196,-1.3272873
-0.65757734,-0.47050318
-1.9913999,-2.0252864
-1.3767507,0.057788666
-0.49485,-0.19835714
-1.09691,-1.2522254
0.9344984,0.97395563
-2.4089353,-1.331655
-0.47755575,-0.8764568
-1.2448877,-0.96973294
0.6532125,-1.055087
1.7853298,1.4373255
-1.2757242,-2.5988934
-2.455932,-0.8102744
-1.3595185,-1.5445945
1.0791812,0.24887931
-1.5326879,-1.5336356
-2.6197886,-0.16227597
0.8864907,1.0784738
-0.7212464,-1.5507598
-1.79588,-1.4717999
-4.221849,-3.932337
-0.92081875,-1.5780163
-0.39794,-0.38907817
-0.49485,0.68699
0.53147894,-0.6968346
-0.617983,-0.4670606
-0.87942606,-0.754088
0.07918125,0.3401629
0.017033339,-0.118646726
-1.3242216,-1.4729428
-1.552842,-1.0394636
-0.60206,-1.8869108
-0.7695511,-0.7219903
-0.7447275,-0.3783219
0.41329977,0.5559427
-3.30103,-2.7985392
-0.22184876,-0.13786758
-1.1643094,-0.48496464
0.013679697,-0.13137409
-4.1870866,-3.627814
0.0,-0.3822916
-1.49485,-1.377953
-1.69897,-1.2935047
-1.9625735,-0.7977169
-0.73282826,-1.340745
-2.1870866,-2.4167922
-0.4202164,0.17617135
-1.4814861,-2.1544397
0.7781513,0.39280003
-0.23358715,-0.40590233
0.43136376,0.5184575
-0.8601209,-0.35893622
-1.30103,-1.5121633
-1.69897,-1.5057201
-0.4202164,-0.37827018
0.63346845,-0.14036281
-0.45593196,-0.5510289
-0.18708664,-0.82393336
0.60206,-1.3162758
-1.4559319,-1.8242664
-1.4317982,-1.7247713
-1.69897,-0.5093474
-1.9788107,-2.2862582
-1.5228788,-1.159288
-0.29242983,-0.47188777
-2.638272,-2.1411107
-0.15490197,-1.5405179
-0.29242983,-0.35143805
-2.1674912,-2.3985884
-0.7695511,-0.22448595
-0.39794,-0.6525412
-2.6055484,-2.5988586
2.5740314,0.37676892
0.1172713,-0.4910691
-0.94803756,-1.3630664
-1.2708352,-1.3775305
0.4329693,-0.1931901
0.33243847,0.20150423
-0.91721463,-0.9896596
-3.0132282,-1.6279606
0.37106785,0.04482166
-1.5686362,-1.7221512
-1.0177288,-0.03765797
-0.5086383,-0.9348526
-2.6798537,-2.5369134
-4.920819,-2.8555064
-0.692504,-1.6413555
-0.5702477,-0.14564495
-0.19997065,-0.458319
-1.49485,-1.3093809
-1.5058454,-1.3870376
1.6608654,0.7657456
-0.88605666,-0.09607542
-1.2218487,-1.1295803
0.0,0.26024324
-0.43179828,-0.41302744
-1.4317982,-1.0138221
-1.1420647,-1.1277611
-0.6777807,-0.55270165
0.6232493,-0.029676048
-0.92081875,-1.012162
0.748188,0.73107463
-0.33554608,-1.0013758
-0.5086383,-0.8257654
0.07918125,0.057555456
0.43136376,0.40600365
-1.49485,-0.6521312
0.20411998,-0.19289003
-0.87614834,1.0571954
1.064458,0.4657525
-0.82973826,-1.7706743
-0.24336389,-0.4145134
-1.154902,-0.3905767
-1.30103,-0.82333374
2.544068,2.2328887
-1.8507808,-1.878154
-1.9208188,-0.3212407
-2.0,-2.6031168
-0.7695511,-0.36136723
-2.30103,-1.3460994
-2.5686362,-2.6551816
0.748188,-1.8992429
0.44715804,-0.35988054
1.39794,0.24457443
-3.09691,-1.0069617
0.54406804,-1.6116037
-0.6777807,-0.62822974
1.3424227,-0.19933946
1.3117539,-0.58456147
0.5185139,-0.1947105
-2.3467875,-1.9798231
2.8704624,-1.3773997
-1.2441251,-1.118159
-1.0,-0.24643917
1.4913617,0.7424506
-1.7447275,-2.2441735
-1.6055483,-1.6476184
-0.4436975,-0.37000328
-1.1999706,-0.7318408
-1.2596374,-1.0179048
-0.88605666,-0.61391944
-0.69897,-0.8112911
-0.65757734,-1.0708103
0.33041376,0.34721535
0.83884907,0.6837591
2.60206,2.7936778
0.35602584,-0.17560488
-0.44977164,-0.19803567
-2.09691,-0.93840975
-0.6777807,-0.92294574
-2.2676063,-1.6789597
0.8808136,0.058461342
-1.09691,1.052322
-2.3187587,-1.3928359
-0.79048496,-1.0117127
-0.39794,-0.39631912
-0.43179828,0.7102647
-1.7447275,-1.3210166
0.845098,0.74418074
-0.63827217,-0.8721598
1.1072099,0.7294378
0.07918125,0.7492257
1.1760913,1.3956835
-2.4907975,-2.7781975
-1.6363881,-1.5578924
0.90309,-0.37402847
-0.6777807,-0.58579546
-1.2146702,-0.32817313
-1.0560111,-0.8935626
0.3424227,0.23575339
-1.074688,-0.30773103
-0.82390875,0.22235921
-2.79588,-2.007791
-0.4685211,-0.011345621
-2.30103,-2.1928878
-0.52287877,-0.43099388
-1.0705811,-0.6405211
-0.04575749,-0.04045081
-0.30103,0.36859366
0.0,0.1671847
-0.537602,-0.39619526
-1.2676063,-0.58162165
0.23044892,-0.14843552
-1.537602,-1.6587087
1.1875207,1.2863398
-1.3736596,-1.9311886
-0.30103,-0.045797925
-1.3187587,0.85423577
-2.0,-1.2654177
-2.552842,-0.57567215
-1.9100949,-2.1725903
0.47712126,-0.8887338
-0.68824613,-1.3522328
-1.2676063,-0.78852254
-1.091515,-0.7662987
-2.552842,-1.6597763
-1.552842,-0.02174525
-2.853872,-2.3430026
-0.33724216,-1.2483375
-1.790485,-1.2591326
-2.552842,-1.4624431
0.11394335,-0.9491323
-1.537602,-1.7029285
-2.7375488,-1.3974233
-0.42945707,-0.22254296
-0.85387194,-0.5796423
-1.0457575,0.4418782
-2.2218487,-2.1761158
0.11394335,-0.08360006
-2.0861862,-0.93047756
-0.52287877,-0.62997186
0.8325089,-0.1303668
-2.154902,-1.7043601
-0.4473318,-0.42835352
0.97312784,1.4475592
-3.0604808,-2.7691824
-2.8239088,-0.02287113
-0.9065783,-0.92664987
-1.0,-0.929285
-0.92081875,-1.0641845
-0.51570016,-1.8339478
-0.692504,-0.92307556
1.9542425,0.9423081
-0.85387194,-0.50103766
0.78746045,-0.05636741
-2.1870866,-2.1991923
-2.3458235,-1.4572614
-0.39794,-0.24375458
-2.1726308,-2.2946868
-1.1877553,-0.60313725
-0.34678748,-0.111812204
-2.154902,-1.5648913
-0.31875876,-0.49337426
-2.7447276,-2.2697887
3.30103,3.6381025
0.24303804,-0.30837426
-2.327902,-2.1598477
-2.866461,-2.768725
3.0791812,2.5433228
0.0,-0.24092127
-1.7281584,-2.1451702
-3.49485,-1.5871954
-0.52287877,-1.054046
0.2787536,0.7006656
-1.1378686,-0.982235
-1.3187587,-1.4412026
-0.1611509,-1.1204598
1.7965744,1.8958052
-0.57511836,-1.863212
2.0374265,1.5405104
-0.9812995,-0.80505645
3.20412,3.1398408
-0.30103,0.4948096
1.1643529,0.65776813
0.17609125,0.8174951
1.635182,0.6404209
-2.0777938,-3.0051384
-0.65757734,0.6504297
0.2855573,0.08412054
-1.7253804,-2.099575
-1.30103,-0.5455773
-0.56863624,-0.7509697
-1.9586073,-0.7615395
-1.552842,-1.2295185
0.8014037,-0.09711019
-2.0457575,-1.8231748
-1.1307683,-1.3081024
1.4297522,1.1906043
-1.8326826,-0.4794543
0.11394335,-0.5827829
-1.769551,-1.6342875
-1.6575773,-1.3202578
-0.35654733,-1.1556401
-0.22184876,0.054281216
-3.4202163,-2.9991577
0.99825937,0.48435864
1.845098,1.415649
0.21484385,-0.85073465
1.30103,1.2979447
-0.33724216,-0.46256346
-0.82827353,-0.5839688
-0.15552282,0.19702362
-1.4436975,-1.457201
-1.5228788,-0.34572223
0.90254676,0.14907204
0.37657696,-1.5124371
-3.0,-2.4402614
-0.21041928,0.55534875
-1.79588,-1.7081614
0.13033377,-0.5391764
1.2552725,1.1223187
-0.82390875,-1.7771356
-1.1426675,0.08862053
-0.8416375,-1.9839617
-1.5783961,-0.80663866
-0.71219826,-0.76326716
0.39794,0.35934672
-4.8860564,-3.7616675
-1.7212464,-1.5342431
-1.0809219,-0.41541407
-1.4672456,-1.2493868
-1.7212464,-1.8374825
-3.1487417,-3.0612798
-0.63827217,-0.8043868
-1.4317982,-1.115209
-1.154902,-0.7663938
0.32221928,1.1370298
-0.6439741,-0.9847548
-0.56863624,-0.2657875
-0.2276783,-0.10465929
-0.1426675,-1.7386972
0.5390761,0.42341432
-2.79588,-1.1074836
-0.17392519,-0.64962375
-1.8860567,-2.5706766
-2.69897,-1.7817391
0.38381538,-1.5261308
-0.6777807,-0.4510086
0.30103,-0.18803674
-1.9208188,-1.515147
-0.7212464,1.4935755
0.32221928,-0.22768451
-0.5086383,-0.6084098
0.9912261,0.852198
-1.4685211,-1.3821585
-0.69897,-0.95726484
-1.1307683,-1.3149554
0.41329977,-0.41160902
2.206826,0.34413895
0.81177604,-2.6407025
-0.69897,1.1968471
-1.3279022,-1.6602114
2.3550682,0.40126273
-1.4001169,-1.6535085
-2.79588,-1.1367984
-1.2146702,-1.0503874
0.39794,0.11757116
-0.1674911,-1.5634949
-1.0,-1.0723867
-0.4749552,-1.5107343
0.041392684,-0.34272596
2.3324385,2.544058
-0.7258422,-0.6095943
-2.9208188,-2.546314
-0.096910015,0.0014148019
-1.2676063,-1.0379441
-0.69897,-0.83009493
-1.39794,0.32765555
0.26717174,0.37331736
0.60206,1.0643711
0.041392684,0.24218073
-1.0457575,-0.9072254
-0.54363394,-0.84630126
0.9375179,0.6468161
-1.4685211,-0.6667751
-0.85387194,1.3805684
-0.57675415,-0.88662946
-0.48148605,-0.005516723
-2.6575773,1.0243022
1.1205739,1.7626499
-1.7212464,-1.6773133
0.0,-0.47127706
-0.69897,-1.2751759
-1.2269453,-0.7964213
1.4149734,2.3473997
-0.43179828,-1.0837184
-4.251812,-3.4377725
0.7403627,0.6349766
-0.326058,0.3276116
-1.2006594,-1.161294
-2.30103,-2.1723945
1.1818436,1.3899904
-0.9065783,-1.1810327
-2.3187587,-2.0811512
-1.251812,-0.38903967
-2.39794,-2.0152256
-3.0,-2.8733752
-0.7447275,-1.1467798
0.60206,0.74149454
-1.2781894,-0.5671659
-0.23657201,-0.020458292
2.770852,0.87287337
-2.2839966,-1.7884744
-1.8239087,-1.6275465
-0.41544265,-1.0193113
-2.154902,-2.1763353
1.39794,-1.1379969
1.3324385,2.380798
-0.30980393,-0.6353146
-2.49485,-0.5991757
-0.43179828,0.85267985
-1.0861862,-0.988579
-0.85387194,-0.94806707
-0.096910015,0.33006504
-3.0,-0.26929843
-0.7212464,-0.09918398
-0.6777807,-0.72062755
-0.82681376,-0.49646896
0.5774918,0.93727195
-2.4202163,-1.541213
-1.0655016,-1.2907478
0.11394335,0.19492176
-3.3372421,-2.7331254
-0.14874165,-0.5849605
-0.29242983,-2.7828677
-0.75945073,-1.4783764
0.0,0.33014396
-1.8416375,-1.6443924
-0.30627304,-0.6809683
-0.69897,-1.3688711
-2.1079054,-2.1781213
-0.4685211,-0.053473875
0.041392684,-0.34201348
-0.30103,-0.8849802
-1.924453,-1.4715465
-1.229148,-1.355646
0.34635296,0.084739864
-3.0,-2.8167007
-0.7695511,-0.78067696
-1.761954,-0.65780956
-1.0741209,-1.2749037
0.908485,-1.131925
-1.8860567,-2.0135965
-0.09151498,-0.036058005
-0.6777807,-0.96534795
0.037426498,-0.5701498
-0.096910015,-0.77059174
-1.0883099,-1.5935559
0.53147894,-0.85612494
-1.3419886,-0.94826686
-2.30103,-2.0956805
-0.7695511,-1.2036827
2.0413928,2.1699476
0.7403627,1.2071167
1.30103,1.1844394
-1.7520267,-1.674515
-1.8239087,-1.9675719
-0.85387194,-0.5652611
-3.1191864,-2.7961864
0.25767857,0.7502367
-1.09691,-0.99824274
-1.6197888,-1.1163043
1.4913617,1.0707005
-1.0362122,-0.4658006
-0.79588,-0.016188854
-0.55284196,-0.53445494
-2.8268137,-1.6545311
-0.04575749,0.67551446
-0.30103,-0.36932793
-3.154902,-2.9981036
0.75281644,0.91197604
-0.9586073,-0.41699618
-0.39794,0.96329117
-0.004364805,-0.45392388
-0.22184876,-0.99428713
-0.24336389,-0.92406106
0.23804611,-0.7444553
0.17897695,-0.61552066
-0.32790214,0.31311408
0.20411998,0.43175146
-1.950782,-1.944431
-0.04095861,0.93137854
0.89376175,1.6906564
-2.3187587,-2.3878925
-4.0,-2.1894822
-1.1023729,-1.1251014
-1.2146702,-1.3241903
-1.1191864,-0.7271155
-0.82390875,0.09977135
-2.2839966,-1.7552136
-1.0,-1.4511783
-1.0,-0.61032706
-0.9586073,-0.6161219
-1.09691,-1.3580871
-1.1739252,-2.8942425
-0.4089354,-0.14873809
0.54406804,-0.33239356
-2.0,-2.4619515
-3.0457575,-2.3755796
1.5440681,1.694181
-3.39794,-2.5010166
0.44715804,-1.028334
1.7923917,0.4312138
-0.5086383,-0.43494815
-1.60206,-1.4821031
-1.49485,-2.2573874
-0.22184876,-0.21273243
-0.48545223,-0.09623141
-1.30103,-0.80426294
-1.8041004,-1.7307528
0.748188,-0.17164594
-2.0222764,-1.1856451
0.4087486,0.12189713
-0.004364805,-0.34801736
-2.638272,-2.0948954
1.3424227,2.1780522
0.7242759,0.69078696
0.7075702,2.658119
1.0791812,0.35627064
-1.4762535,-1.1733725
-4.5086384,-3.486653
-1.79588,-2.0960543
0.96378785,1.3651147
0.9912261,-0.4154618
-1.9430952,-2.0872939
-0.4202164,-2.5441535
-1.6777807,-1.371647
1.9618955,1.4330888
-2.0,-1.2799847
-2.2700257,-2.222949
-0.7447275,-0.68936557
-1.0757207,-0.7731883
-0.13076828,-0.20393051
-2.8239088,-1.8456495
0.38021123,-0.02645446
-2.9586072,-2.140444
-0.28399664,-1.1572675
-1.6595559,-1.5513655
1.3710679,1.3607197
-0.4089354,-0.6937878
-0.81247926,-0.6708217
-2.756962,-2.649168
1.1303338,0.89969105
-1.39794,-1.5067077
-2.236572,-0.69419986
-0.79588,-0.859921
-0.59345984,-0.9207296
1.7558749,1.7894404
-2.2448878,-2.2019708
-2.0,-2.1064079
1.39794,-0.638585
-0.55284196,-0.03892377
-1.9956787,-2.8531709
-2.1870866,-1.8205104
-1.6234231,-2.2253428
-1.7721133,-1.5523412
-2.853872,-2.7467663
-0.13076828,-0.15118146
-0.15614457,-0.7945448
-1.3767507,-1.057892
-1.6420652,-1.4196322
-2.2218487,-1.1886692
2.6095943,0.17725572
-1.0457575,-0.67562944
0.161368,-0.40253115
-2.0268722,-2.0072837
-0.24412514,0.052934077
1.7737864,0.76858795
-1.6055483,-1.561947
0.0,0.65508115
-1.7447275,-1.1224732
-0.85387194,-1.0592986
-1.39794,-1.1505464
1.8864907,2.3310077
-0.82102305,-1.0449641
0.11394335,0.31859735
-2.1739252,-2.581871
-3.4317982,-2.4615324
-0.50307035,-0.14664696
-3.5228786,-2.1798565
-1.3467875,-1.0077062
-2.3851027,-2.389272
-2.6575773,-2.5254698
-1.39794,-0.93935007
-0.25181198,-0.1920139
-0.29242983,-0.4777063
-2.1307683,-2.2023518
-0.92081875,-0.800427
-0.79588,-0.46458313
-0.5850267,-0.57687
-1.7212464,-0.93600154
-0.13076828,-0.27538276
-1.7212464,-1.595293
2.8407333,2.2762172
-3.4436975,-3.4904668
-1.2218487,0.034500655
-0.39794,-1.1458786
0.6901961,0.29704732
-2.2218487,-2.1825922
0.79934055,0.078752056
-0.33724216,-0.3078771
-0.22914799,0.04975641
-3.103474,-3.639711
-2.537602,-2.776881
-0.69897,-0.4935601
-1.6575773,-1.7716646
-0.4089354,-0.18931094
2.3879235,0.30528033
-1.09691,-1.6355443
2.3398488,-0.527917
-2.39794,0.9021034
-2.60206,-2.3261158
1.4969296,1.6810733
-0.8894103,-1.0312314
-2.537602,-2.7481802
-1.9913999,-1.0306468
0.11394335,0.26745808
0.3424227,0.026472654
-1.0385789,-1.4313403
0.6532125,0.1865982
0.41497335,0.23418042
3.143015,-0.5655722
-0.86327946,-0.84941053
-0.63827217,-1.0849389
1.0441476,1.2101718
0.2552725,0.30088443
-1.5185574,-1.6210262
-1.60206,-1.1672522
-0.66756153,-1.9352907
-0.9586073,-2.7452633
-1.5228788,-1.3352187
-1.2676063,-1.9624097
-0.69897,-0.93029284
-2.154902,-1.7814413
-1.3187587,-0.81961423
-1.3872161,-0.3037515
2.2787535,1.0605993
0.20411998,-0.33195317
0.52244425,0.00025289878
-1.4509968,-1.3199003
-2.2006595,-2.0856912
1.5797836,0.46871546
-2.3665316,-2.2259843
1.045323,0.91338515
-0.15490197,-0.92400914
0.38021123,0.010160673
-1.0457575,-0.38628104
-2.2441251,-2.6756518
0.33845648,0.23053768
1.6720978,1.9087499
-0.7447275,0.23078379
-1.3767507,-1.7569516
-1.8860567,-1.3804901
1.146128,1.2295623
-0.88605666,0.26338726
-2.9208188,-2.9527607
0.50514996,-0.0019413568
-2.2006595,-2.450024
-0.92628163,-0.827197
-0.9685915,-1.0610118
-0.31875876,-0.06461014
0.7853298,0.06728087
0.8692317,0.8038945
-0.85387194,-0.2759204
-0.92081875,-0.6691461
-0.88605666,-1.3953333
-1.5228788,-0.9575395
-0.65757734,-0.6713444
0.096910015,-0.042759717
0.9395192,0.31560546
-0.33724216,-0.35296112
-1.8356471,-1.8547798
1.1139433,0.67732173
-1.60206,-2.143753
-0.2596373,0.105338365
-2.6757176,-2.6453838
-1.69897,-1.7205789
-2.1487417,-1.6396842
-2.3767507,-2.0216224
-0.85387194,-0.59040755
-1.9100949,-2.2238886
-1.69897,-1.6098367
-2.229148,-1.373554
-0.7212464,-1.0027941
-1.7447275,-1.8080822
-1.7447275,-1.8429178
-0.89367306,-0.72780854
-1.326058,-3.5562432
-0.56863624,-1.0629443
-0.7447275,-0.9217117
0.7944881,0.61001945
-0.7695511,0.16322875
0.14612803,-0.36760694
0.85125834,-0.26054072
0.69897,-0.35829964
-1.49485,-0.9741531
-0.04953778,-0.5269797
-1.0705811,-1.7373528
-1.9393022,-1.7754107
-0.9586073,-1.4348292
-1.3767507,-1.1585351
-0.35753548,-1.1343125
-1.309804,-0.45848268
-1.1432711,-0.7253511
-1.236572,-2.2438626
0.69897,1.2550033
2.9532764,0.21003133
-0.5575202,-0.6428745
-1.5058454,-1.4143585
-1.9208188,-1.5042647
-1.2218487,-1.4896326
1.50515,-0.7385539
1.367356,1.3464587
-1.0510982,-1.373176
-0.79588,-1.6215898
-2.3372421,-1.9750309
-2.4202163,-0.65681666
0.9190781,1.0501577
-1.1487416,0.3510946
-2.0655015,-1.7871288
-2.3767507,-2.2430413
-1.5228788,-1.3250995
-1.2676063,-1.4131889
-2.0222764,-3.1137495
-1.0,-0.414617
-0.9665762,-1.6350591
-1.2941363,-1.0490444
0.39794,0.56081325
-0.82390875,-1.0178206
-0.60206,-0.9516792
-1.5086383,-2.4074416
-1.3242216,-1.5487936
-0.5142786,-0.7814402
-1.9318142,-1.65683
-0.5114493,-1.0965134
-2.9172146,-2.0784695
-1.1191864,-1.0907607
-1.5686362,-2.1499147
-2.30103,-0.26750562
-2.154902,-2.4701054
-0.928118,-1.7293515
-1.09691,-1.3747358
-2.2218487,0.12072793
1.0334238,0.980703
-0.24412514,-0.2945564
-0.1611509,-0.532915
-0.4168012,-0.31764296
-2.1674912,-1.5193579
1.3463529,0.34291318
-0.35654733,0.16422999
-1.0457575,-0.97599614
1.2278867,0.52479935
-0.4436975,-0.32730106
-0.82390875,-0.26895645
-0.13727248,-0.4502406
-0.82390875,-0.52704096
-0.63827217,-0.3687162
0.49554434,-0.82147044
0.14612803,-0.12354833
-1.0043648,-1.0638491
-0.28399664,-0.23843837
-1.8761483,-1.6170913
-0.8068754,-0.8958668
-0.13667715,-0.53081524
-1.4317982,-1.5433294
-0.85387194,-0.80746686
-1.8239087,-1.3592143
-1.737549,-1.6277093
-0.7212464,-0.3916718
0.98677176,1.2896504
-2.309804,-2.4241772
0.38381538,-0.43115485
0.008600172,0.77368015
-2.327902,-2.5356758
-1.737549,-1.5284772
0.15533604,0.13316222
-1.2262136,-0.07247284
-1.30103,-1.8701032
2.146128,2.460028
-1.4435769,0.27806956
0.91645396,0.86368185
-0.5287083,-0.82563126
-2.2076082,-1.2832389
-0.4202164,-0.12652962
-2.39794,-2.4324553
1.3802112,0.23681775
-0.52287877,-0.4487146
-0.816417,-0.8592769
-2.0222764,-1.6414647
-2.1739252,-2.0888124
-2.1739252,-1.5094565
-1.1307683,0.84024787
0.3138672,0.21439874
0.07188201,0.8582951
1.5440681,-0.016003788
-1.5030704,-0.49434933
0.2329961,0.8196682
-1.4685211,-1.2272726
2.3521826,2.3353121
0.40823996,0.0982147
-1.0741209,-1.3564438
-4.004365,-3.8773992
-1.30103,-0.95683354
-0.20065945,-0.9756396
-1.2146702,-1.3277699
-0.9956786,-0.8863525
-1.154902,-1.2235495
-0.1674911,-0.49357694
-1.844664,-1.8519362
0.85733247,0.9991783
-0.88605666,-0.5189931
1.7491951,-0.29769984
-1.60206,-0.086508825
0.30103,-0.6142792
0.54406804,0.27913478
-2.5686362,-2.2799838
-0.4685211,0.3989565
-2.196543,-2.0441184
-3.0,-3.3683636
-0.63827217,-0.35465473
1.0791812,0.8597482
-2.853872,-1.1351421
-1.8996295,-1.7437316
-0.3767507,-0.38853252
-1.0,1.4625875
-0.04575749,-0.43375525
2.4149733,1.6030635
1.8260748,1.0923182
-1.6003263,-1.6576501
-2.5228786,-2.3281617
-3.1739252,-2.9134586
-1.1426675,-1.3209646
-0.4089354,-0.51468927
0.10037055,0.11356154
-0.03151705,-0.28455153
-0.7695511,-0.43116927
0.41497335,-0.43768027
-1.4294571,-1.7101302
-0.30103,-0.9677626
-2.8860567,-0.8702673
-0.096910015,0.21427557
-2.0555174,-1.166122
-1.2924298,-0.8975405
-0.30103,-0.67802835
-0.85387194,-0.46074596
1.7323937,0.5697977
2.531479,2.1310432
0.7403627,0.5186452
-0.04575749,0.063443854
-1.9136401,-2.4377663
-0.81276137,-0.17912948
-0.22184876,-0.548316
-0.75945073,-0.7397295
-2.7447276,-1.8984686
-2.154902,-1.0881857
-0.21467017,-0.57622254
2.5763414,1.6314692
-2.09691,-1.4533978
0.5289167,0.6517475
-0.7695511,-0.24600203
-1.69897,-1.5256608
3.2108533,2.3742197
0.041392684,-0.46325085
-1.2456517,-1.2365731
2.580925,1.5155933
0.9242793,-0.456345
1.69897,-0.70047426
-0.85387194,-0.7501937
0.025305865,0.07172939
-0.7447275,-0.66946083
-1.2757242,-1.5862179
-1.9586073,-1.6810331
-1.3767507,-1.0012192
0.80618,-0.30149838
-0.7695511,-0.812251
2.146128,1.9786723
-1.39794,-1.0157973
-1.8326826,-1.9936553
-0.21467017,-0.5162068
1.7160033,0.795262
-1.0,-0.3410947
-0.1611509,-0.30306235
-0.9586073,-0.9586408
-0.63827217,-0.16293927
-1.154902,-1.5804135
-3.8860567,-3.3211186
0.63346845,-0.006833505
-0.5114493,-1.2444862
-0.56863624,-0.69670624
0.3424227,-0.2099658
-1.0457575,-1.3651263
-1.2006594,-1.2713027
0.096910015,0.4805865
-0.75696194,-0.8775551
0.04532298,0.03615224
-0.85387194,-0.44725123
0.8920946,-0.3032993
-0.82390875,-1.3048685
0.2787536,-0.23402305
0.9222063,0.45205715
0.0,-0.5269348
-0.66958624,-0.9564331
-1.30103,-0.22974263
-0.60206,-0.33958715
-3.39794,-2.5402431
0.90309,0.23118487
-0.39794,-0.34533605
-1.8356471,-0.9860468
-2.2076082,-1.9352174
1.4899585,-0.34912774
1.0211893,1.1886871
0.9542425,1.2064936
0.60206,0.8776646
-1.5214335,-1.5863533
-0.7212464,-0.005578872
-1.8068753,-1.7004341
-1.9617773,-1.769844
-1.4202164,-1.4894933
-1.3279022,0.3458064
-2.5228786,-0.41943935
0.0,0.5144777
1.0253059,0.8862543
-0.4436975,-0.08269292
0.7403627,-0.13785176
-1.2146702,-0.7550513
-1.3565474,-1.3796198
-0.1837587,-0.52659386
0.15228835,1.1203473
-1.1191864,-0.92745775
-1.3767507,-1.566194
0.17609125,0.18987185
-1.3565474,-0.9417217
0.06818586,-1.610646
-0.93930215,-0.8824927
1.8388491,0.41457203
-0.7399286,-1.1962603
-0.04575749,-0.3294784
-1.3372421,-0.96929616
-0.107905395,0.844867
-2.09691,-1.5634725
0.47712126,0.44378346
-1.30103,-2.372427
1.5314789,1.3581074
-1.048177,-1.5371146
-1.3297541,-1.2812563
-2.5228786,-0.9122447
-2.455932,-1.3313365
-0.52287877,-0.39057696
1.2787536,1.1794353
-1.0338583,-0.9669814
-1.0,-1.3109034
-1.552842,-0.439155
-1.3565474,-0.96358126
-1.9586073,-2.014776
0.9542425,1.0879555
-2.0457575,-0.92122006
-1.5228788,-1.3780537
1.1139433,-0.6665442
-0.34678748,0.0793287
0.39794,-0.051589932
1.3424227,1.3639218
-1.2757242,-1.0995016
0.5854607,0.55764925
-2.5228786,-1.5447197
-0.6777807,-0.6131543
-0.49485,-0.3724519
-2.39794,-1.841402
-1.2757242,0.066512465
1.6785184,0.95646435
1.0413927,0.091441676
-1.30103,-0.7816022
0.38021123,0.17746149
-1.7986028,-2.2696106
-1.2839967,-0.5707872
0.16435285,-1.0261256
-2.8239088,-1.8170383
1.2552725,0.3998614
-1.4202164,-0.5096252
-2.0457575,-1.6854556
0.39794,1.2364053
-1.39794,-1.3203273
0.04532298,-0.37349728
-1.3565474,-0.9894531
-2.8239088,-2.6134608
-0.57511836,-0.46763965
0.11394335,0.3819351
-0.43179828,-0.15080121
-0.6861328,-1.8365601
-2.853872,-2.9293742
1.1271048,-0.02700857
0.29446623,0.013858262
-0.3767507,-0.5293245
-1.3187587,-1.4461477
0.17897695,-0.25378266
-1.5867002,-2.3600109
-0.85387194,-0.78883624
-0.92081875,-0.29884392
-1.30103,-2.2734897
-2.30103,-1.3887067
-2.0043647,-1.960569
0.07918125,-1.2358598
-2.09691,-2.0627613
-2.5850267,-1.9767898
-2.4259686,-2.8297265
-2.1739252,-0.9188168
0.32221928,0.07986502
-2.2881927,-1.8674307
0.041392684,-0.11552234
-0.52287877,-1.0262828
-0.65757734,0.20453104
-0.7447275,-0.52705836
-1.2146702,-1.5007428
-2.1079054,-2.3538685
-0.13076828,0.028978791
2.365488,0.35708743
-1.7447275,-1.1929966
-0.4202164,-1.4917578
1.0,-0.7821034
0.0,0.49656734
-1.0457575,-1.1258589
-0.7212464,-0.6995276
1.2552725,1.3047478
0.7075702,-0.4032102
-1.251812,-1.2090484
-1.1366771,-0.76391846
-2.60206,-2.4471698
-1.3946949,-1.5072497
1.1238517,-1.1356289
1.1038038,1.4649651
-1.552842,-1.5076506
0.042181596,-1.1937308
-1.8239087,-1.0302411
0.46834734,-0.41730535
-0.6777807,-0.67366475
-3.2218487,-3.0528657
-2.0222764,-1.6173218
-1.69897,-0.6386731
-3.2218487,-2.9100194
0.039017323,0.30697933
-1.1870867,-0.702279
-0.1611509,0.56258243
-0.39794,-1.2300879
-0.82390875,-1.985378
-3.2218487,-2.9670873
1.1309767,1.2802502
1.3617278,0.98989487
-2.6777806,-3.4209468
-0.61978877,-0.6577216
0.2787536,0.1997772
1.447158,-1.3128928
-3.0,-2.6865535
-1.79588,-2.0348542
-0.22184876,-0.9732534
-0.82390875,-0.8250823
0.14612803,0.8604025
-1.8961962,-1.6657885
-1.8712777,-1.6885577
-1.4202164,-2.5198252
0.38021123,0.47618833
0.41497335,1.1640114
-2.8326826,-2.159797
-1.5228788,-0.56940436
-1.2006594,-0.7512084
0.9777236,1.0694677
-1.1870867,-1.1100942
-0.096910015,-1.2501016
-0.92081875,-1.0761232
-2.30103,-1.1328986
1.1139433,-0.776205
-1.1611509,-0.88542753
-0.31875876,-0.34391484
-1.0757207,-1.4521297
-1.4317982,-1.1851299
0.30103,0.08597556
-1.154902,-1.1635069
-0.8416375,-0.8735735
-0.113509275,-0.8986488
-0.060480747,0.106039375
-0.52287877,-0.16960998
-1.154902,-1.2104576
0.81291336,-0.82712716
0.32221928,-0.45660663
-1.8239087,-1.4519666
-1.2218487,-0.9959352
-0.51712644,-0.53822047
-1.769551,-1.150322
0.0,0.77452
0.45438746,-0.6258701
-1.3665315,-1.4207672
0.9344984,0.51870835
-0.7695511,-0.7825349
0.50105923,-0.5370346
-1.4559319,-1.9920769
0.5185139,0.9288496
0.20411998,0.043455925
-3.0,-1.4226748
-2.9208188,-2.969031
-1.09691,-0.6467374
1.4313638,0.61728746
-1.7721133,-1.7314999
-2.2218487,-2.0023565
-1.1079054,-0.9590253
-0.036212172,-0.3089983
-0.026872147,-0.038755737
1.5440681,0.011510793
-1.489455,-1.4940519
-1.2839967,-1.4709891
0.43136376,0.41542774
2.7817554,1.6543884
-0.5850267,0.49198106
-2.1870866,-1.4528612
-1.0,-0.6397722
-0.5850267,-0.43116155
-0.27572414,0.19967276
